Model,Accuracy,Number of parameters
inceptionV3,0.9690419635787807,22595403
efficientb0,0.6737925574030087,6746574
resnet50,0.9498020585906571,27902891
DenseNet121,0.9179730799683293,9195115
