,Model,Accuracy,Number of parameters
0,inceptionV3,0.7774346793349168,22595403
1,resnet50,0.7115597783056216,27902891
2,DenseNet121,0.6684877276326208,9195115
