,Model,Accuracy,Number of parameters
0,inceptionV3,0.9357878068091845,22595403
1,resnet50,0.8273950910530483,27902891
2,DenseNet121,0.8628661916072843,9195115
