,Model,Accuracy,Number of parameters
0,inceptionV3,0.7450514647664291,22595403
1,resnet50,0.7091053048297704,27902891
2,DenseNet121,0.6421219319081551,9195115
