,Model,Accuracy,Number of parameters
0,inceptionV3,0.7627870150435471,22595403
1,resnet50,0.6794140934283452,27902891
2,DenseNet121,0.543784639746635,9195115
