,Model,Accuracy,Number of parameters
0,inceptionV3,0.6756927949327,22595403
1,resnet50,0.6571654790182107,27902891
2,DenseNet121,0.5953285827395091,9195115
