,Model,Accuracy,Number of parameters
0,inceptionV3,0.7151227236737926,22595403
1,resnet50,0.6665874901029295,27902891
2,DenseNet121,0.5709422011084719,9195115
